{"cameraMode":{"drawMode":0,"name":"Shaded","section":"Shading Mode"},"sceneLighting":true,"audioPlay":false,"sceneViewState":{"m_AlwaysRefresh":false,"showFog":true,"showSkybox":true,"showFlares":true,"showImageEffects":true,"showParticleSystems":true,"showVisualEffectGraphs":true,"m_FxEnabled":true},"in2DMode":false,"pivot":{"x":-2.5151352882385256,"y":13.058136940002442,"z":-15.455957412719727},"rotation":{"x":-0.35793593525886538,"y":0.034160513430833819,"z":-0.013105761259794236,"w":-0.9330384135246277},"size":0.16592556238174439,"orthographic":false}