{"cameraMode":{"drawMode":0,"name":"Shaded","section":"Shading Mode"},"sceneLighting":true,"audioPlay":false,"sceneViewState":{"m_AlwaysRefresh":false,"showFog":true,"showSkybox":true,"showFlares":true,"showImageEffects":true,"showParticleSystems":true,"showVisualEffectGraphs":true,"m_FxEnabled":true},"in2DMode":false,"pivot":{"x":1.8091390132904053,"y":-0.19298207759857179,"z":-5.0810089111328129},"rotation":{"x":-0.19991837441921235,"y":-0.018521182239055635,"z":0.0037795112002640964,"w":-0.9796345233917236},"size":5.363161087036133,"orthographic":false}